{"2": 0.25931695553182543, "3": 0.2848589191898987, "4": 0.2601703522370452, "5": 0.2016190829407409, "6": 0.23716725754166543, "7": 0.2036275812271175, "8": 0.1570139556393107, "9": 0.14988199178183517, "10": 0.14363840791241483}